{
  "accuracy": 0.8260869565217391,
  "precision": 0.8235294117647058,
  "recall": 0.9333333333333333,
  "f1": 0.875,
  "roc_auc": 0.925,
  "n_train": 67,
  "n_test": 23,
  "model": "xgb"
}